Video ID; Title; URL; Views; Likes; Comments; Download 
k-ImCpNqbJw; Diddy - Dirty Money - Coming Home ft. Skylar Grey (Official Video); https://www.youtube.com/watch?v=k-ImCpNqbJw; 323963694; 2291611; 114688; 2010-11-30
IumYMCllMsM; Machine Gun Kelly, X Ambassadors &amp; Bebe Rexha - Home (from Bright: The Album) [Official Video]; https://www.youtube.com/watch?v=IumYMCllMsM; 192286627; 1797274; 30626; 2017-11-23
DHEOF_rcND8; Edward Sharpe &amp; The Magnetic Zeros - Home (Official Video); https://www.youtube.com/watch?v=DHEOF_rcND8; 144037609; 1160843; 27791; 2010-05-17
lbSOLBMUvIE; Michael Bublé - Home [Official Music Video]; https://www.youtube.com/watch?v=lbSOLBMUvIE; 133327486; 675405; 22161; 2009-10-27
7bnX-6sJZBw; Daughtry - Home (Official Video); https://www.youtube.com/watch?v=7bnX-6sJZBw; 92795249; 392152; 16816; 2009-10-03
8GW6sLrK40k; HOME - Resonance; https://www.youtube.com/watch?v=8GW6sLrK40k; 87833765; 1279476; 94587; 2014-07-17
HoRkntoHkIE; Phillip Phillips - Home; https://www.youtube.com/watch?v=HoRkntoHkIE; 86745637; 729488; 34815; 2012-08-02
oUFJJNQGwhk; The Cinematic Orchestra - &#39;To Build A Home&#39;; https://www.youtube.com/watch?v=oUFJJNQGwhk; 77389120; 818034; 17464; 2013-02-12
ghJURdZKq3I; HOME; https://www.youtube.com/watch?v=ghJURdZKq3I; 71263812; 1210069; 8324; 2019-04-12
SqDBu2zk0G0; Nastya tells what to do if you are alone at home; https://www.youtube.com/watch?v=SqDBu2zk0G0; 68595176; 336513; 0; 2022-01-04
R9VDPMk5ls0; [M/V] SEVENTEEN(세븐틴) - Home; https://www.youtube.com/watch?v=R9VDPMk5ls0; 68235731; 1503618; 181003; 2019-01-21
ZAYZmIfHEiU; Passenger | Home (Official Album Audio); https://www.youtube.com/watch?v=ZAYZmIfHEiU; 67131162; 304254; 4982; 2016-09-22
v2AT7oSGZbQ; BTS (방탄소년단) - HOME (Color Coded Lyrics Eng/Rom/Han/가사); https://www.youtube.com/watch?v=v2AT7oSGZbQ; 65490237; 915264; 27271; 2019-04-12
8mVbdjec0pA; Gabrielle Aplin - Home (Official Video); https://www.youtube.com/watch?v=8mVbdjec0pA; 60308144; 1087341; 32382; 2013-06-10
9fdAt0ke9w8; Jennifer Lopez - Feel The Light (Official Video From The Original Motion Picture Soundtrack, Home); https://www.youtube.com/watch?v=9fdAt0ke9w8; 59424049; 464801; 15975; 2015-03-20
7NQ8OCcQ3LA; Three Days Grace - Home (Official Video); https://www.youtube.com/watch?v=7NQ8OCcQ3LA; 58110141; 313633; 13203; 2009-10-03
kkoT1nZOexY; Blake Shelton - Home (Official Music Video); https://www.youtube.com/watch?v=kkoT1nZOexY; 57249608; 409366; 11907; 2009-10-27
3REdwjmUoDo; Gabrielle Aplin - Home  [Tradução]; https://www.youtube.com/watch?v=3REdwjmUoDo; 51083985; 760067; 18156; 2019-04-07
sPV_t8YMW_k; Home; https://www.youtube.com/watch?v=sPV_t8YMW_k; 49456327; 670390; 1006; 2020-10-15
P8a4iiOnzsc; Radical Face &#39;Welcome Home&#39;; https://www.youtube.com/watch?v=P8a4iiOnzsc; 47026176; 493922; 24172; 2009-06-02
