Video ID, Title, URL, Views, Likes, Comments, Download 
3ozQI8D86nk, Avril Lavigne - Hello (Adele Cover) Lyrics, https://www.youtube.com/watch?v=3ozQI8D86nk, 259, 48, 3, 2022-06-24
5dqoe73fv7s, Say hello to Alkira Cloud Area Networking, the fastest path to cloud, https://www.youtube.com/watch?v=5dqoe73fv7s, 138, 0, 0, 2022-06-22
3PT0iYwV3x4, Hello There Woo Woo | Played 1,048,576 | 1 Million Times, https://www.youtube.com/watch?v=3PT0iYwV3x4, 92, 2, 2, 2022-06-24
WxBGqVx-OuI, Hello New Mom I Tập 2: Mẹ bỉm bí ẩn chán nản vì chồng chê, hết mê sau khi vợ sinh con, https://www.youtube.com/watch?v=WxBGqVx-OuI, 411, 8, 0, 2022-06-24
wxPsO09fd4E, Kenapa Kamu Sampai Ketahuan! |Hello Counselor|SUB INDO/ENG|180521 Siaran KBS WORLD TV|, https://www.youtube.com/watch?v=wxPsO09fd4E, 3230, 69, 3, 2022-06-23
mjsVII7puSc, Hello House Vs Tiktokers, https://www.youtube.com/watch?v=mjsVII7puSc, 6195, 143, 7, 2022-06-22
hmFvGN8xfFM, HELLO PMC, https://www.youtube.com/watch?v=hmFvGN8xfFM, 375, 16, 0, 2022-06-24
RCihKBEml6M, Proses Petugas Damkar Selamatkan Kucing Yang Tersangkut Di Jalan Tol | Hello 62 (23/06/22), https://www.youtube.com/watch?v=RCihKBEml6M, 2583, 12, 2, 2022-06-23
NVP2oWBxDPI, Minnie Saying Hello Link: Eat, Love, Kill OST 2 Lyrics (민니 너의 하루를 묻고 싶어 링크: 먹고 사랑하라, 죽이게 OST 가사), https://www.youtube.com/watch?v=NVP2oWBxDPI, 6116, 0, 6, 2022-06-21
0yrtswMgtOw, Hello Neighbor: Diaries - Android Gameplay, https://www.youtube.com/watch?v=0yrtswMgtOw, 1481, 66, 15, 2022-06-23
